Part Number,Part Name
85746083, CLEANER ASM-AIR
85746084, CLEANER ASM-AIR
86525979, BLOCK ASM
86525980, BLOCK ASM
85015807, BLOCK ASM
85015808, BLOCK ASM
85015811, BLOCK ASM
87832673, BLOCK ASM-ENG W
85805853, CLEANER ASM-AIR
85805854, CLEANER AS
85805854, MOLDING ASM-FRT
84900508, MOLDING ASM-RR
85539378, MOLDING ASM-FRT
85539382, MOLDING ASM-FRT
85022259, SPOILER ASM-RF
85022261, SPOILER ASM-RF
85022264, SPOILER ASM-RF
85022265, SPOILER ASM-RF
85022266, SPOILER ASM-RF
85022268, SPOILER ASM-RF
85022275, SPOILER ASM-RF
85022278, SPOILER ASM-RF
85022280, SPOILER ASM-RF
85022282, SPOILER ASM-RF
85022283, SPOILER ASM-RF
85022284, SPOILER ASM-RF
86573969, SPOILER ASM-RF
86573970, SPOILER ASM-RF
86573972, SPOILER ASM-RF
86573974, SPOILER ASM-RF
86573977, SPOILER ASM-RF
86573983, SPOILER ASM-RF
86574034, SPOILER ASM-RF
86574037, SPOILER ASM-RF
86574038, SPOILER ASM-RF
86574039, SPOILER ASM-RF
86574040, SPOILER ASM-RF
86574041, SPOILER ASM-RF
86823800, MOLDING ASM-RF
84272998, INSULATOR
85711111, PEDAL ASM
85711112, PEDAL ASM
84732080, MOLDING AS
85114769, MOLDING AS
23388997, COVER
84493626, MOLDING AS
84547920, COVER
84608904, MOLDING AS
85761020, MOLDING AS
85761021, MOLDING AS
87862555, COVER
85821131, LAMP ASM-RR BOD
85821133, LAMP ASM-RR BOD
85821135, LAMP ASM-RR BOD
85821137, LAMP ASM-RR BOD
85821130, LAMP ASM-RR BOD
85821132, LAMP ASM-RR BOD
85821134, LAMP ASM-RR BOD
85821136, LAMP ASM-RR BOD
85659272, STEP ASM-ASST
85754156, STEP ASM-ASST
86552079, STEP ASM-ASST
85659271, STEP ASM-ASST
85754155, STEP ASM-ASST
85754157, STEP ASM-ASST
85754158, STEP ASM-ASST
86552069, STEP ASM-ASST
86552071, STEP ASM-ASST
86552078, STEP ASM-ASST
85580708, PANEL ASM
85580709, PANEL ASM
85738557, PANEL ASM
85732454, MODULE ASM-SUN
85732455, MODULE ASM-SUN
85732456, MODULE ASM-SUN
84640143, MOLDING AS
84640144, MOLDING AS
84640145, MOLDING AS
84891470, MOLDING AS
84891471, MOLDING AS
84891472, MOLDING AS
85014907, TRIM ASM-FRT S/
85014909, TRIM ASM-FRT S/
85019565, TRIM ASM-FRT S/
85019574, TRIM ASM-FRT S/
85019578, TRIM ASM-FRT S/
85019579, TRIM ASM-FRT S/
85019585, TRIM ASM-FRT S/
85019586, TRIM ASM-FRT S/
85019591, TRIM ASM-FRT S/
85019593, TRIM ASM-FRT S/
85019598, TRIM ASM-FRT S/
85019599, TRIM ASM-FRT S/
85025310, TRIM ASM-FRT S/
85025312, TRIM ASM-FRT S/
85037085, TRIM ASM-FRT S/
85037087, TRIM ASM-FRT S/
85037090, TRIM ASM-FRT S/
85037092, TRIM ASM-FRT S/
85037112, TRIM ASM-FRT S/
85037114, TRIM ASM-FRT S/
85706155, TRIM ASM-FRT S/
85706157, TRIM ASM-FRT S/
85706159, TRIM ASM-FRT S/
85706183, TRIM ASM-FRT S/
85706202, TRIM ASM-FRT S/
85706203, TRIM ASM-FRT S/
85014812, TRIM ASM-FRT S/
85014816, TRIM ASM-FRT S/
85014822, TRIM ASM-FRT S/
85014826, TRIM ASM-FRT S/
85014896, TRIM ASM-FRT S/
85014906, TRIM ASM-FRT S/
85014908, TRIM ASM-FRT S/
85019537, TRIM ASM-FRT S/
85019538, TRIM ASM-FRT S/
85019541, TRIM ASM-FRT S/
85019542, TRIM ASM-FRT S/
85019545, TRIM ASM-FRT S/
85019552, TRIM ASM-FRT S/
85019553, TRIM ASM-FRT S/
85019559, TRIM ASM-FRT S/
85025308, TRIM ASM-FRT S/
85025316, TRIM ASM-FRT S/
85025317, TRIM ASM-FRT S/
85025321, TRIM ASM-FRT S/
85026596, TRIM ASM-FRT S/
85026604, TRIM ASM-FRT S/
85706154, TRIM ASM-FRT S/
85706156, TRIM ASM-FRT S/
85706158, TRIM ASM-FRT S/
85706182, TRIM ASM-FRT S/
85706200, TRIM ASM-FRT S/
85706201, TRIM ASM-FRT S/
85700541, TRIM ASM-RR S/D
85700545, TRIM ASM-RR S/D
85700597, TRIM ASM-RR S/D
85700601, TRIM ASM-RR S/D
85700623, TRIM ASM-RR S/D
85700627, TRIM ASM-RR S/D
85700631, TRIM ASM-RR S/D
85725835, TRIM ASM-RR S/D
85725837, TRIM ASM-RR S/D
85725839, TRIM ASM-RR S/D
85725862, TRIM ASM-RR S/D
85725863, TRIM ASM-RR S/D
85725869, TRIM ASM-RR S/D
85725871, TRIM ASM-RR S/D
85725889, TRIM ASM-RR S/D
86555981, TRIM ASM-RR S/D
86555988, TRIM ASM-RR S/D
85700539, TRIM ASM-RR S/D
85700543, TRIM ASM-RR S/D
85700595, TRIM ASM-RR S/D
85700599, TRIM ASM-RR S/D
85700621, TRIM ASM-RR S/D
85700625, TRIM ASM-RR S/D
85700629, TRIM ASM-RR S/D
85725834, TRIM ASM-RR S/D
85725838, TRIM ASM-RR S/D
85725840, TRIM ASM-RR S/D
85725861, TRIM ASM-RR S/D
85725864, TRIM ASM-RR S/D
85725870, TRIM ASM-RR S/D
85725872, TRIM ASM-RR S/D
85725890, TRIM ASM-RR S/D
86555979, TRIM ASM-RR S/D
85021605, SHUTTER ASM-FRT
85645565, SHUTTER ASM-FRT
86586455, SHUTTER ASM-FRT
86586457, SHUTTER ASM-FRT
86775759, DEFLECTOR-FRT B
84825016, TOOL KIT
84883987, TOOL KIT
84741676, WEATHERSTR
84741730, WEATHERSTR
84741734, WEATHERSTR
85071078, MIRROR ASM-O/S
85071083, MIRROR ASM-O/S
85071086, MIRROR ASM-O/S
85071088, MIRROR ASM-O/S
85071093, MIRROR ASM-O/S
85071115, MIRROR ASM-O/S
85071118, MIRROR ASM-O/S
85530937, WEATHERSTRIP AS
85723125, MIRROR ASM-O/S
85758793, MIRROR ASM-O/S
85758801, MIRROR ASM-O/S
86582386, MIRROR ASM-O/S
86582388, MIRROR ASM-O/S
86582390, MIRROR ASM-O/S
86582396, MIRROR ASM-O/S
86582398, MIRROR ASM-O/S
86582404, MIRROR ASM-O/S
86582408, MIRROR ASM-O/S
86582412, MIRROR ASM-O/S
86582416, MIRROR ASM-O/S
86582420, MIRROR ASM-O/S
86589855, MIRROR ASM-O/S
86589910, MIRROR ASM-O/S
86589912, MIRROR ASM-O/S
86590904, MIRROR ASM-O/S
86590920, MIRROR ASM-O/S
84741675, WEATHERSTR
84741729, WEATHERSTR
84741733, WEATHERSTR
85071077, MIRROR ASM-O/S
85071082, MIRROR ASM-O/S
85071085, MIRROR ASM-O/S
85071087, MIRROR ASM-O/S
85071092, MIRROR ASM-O/S
85071114, MIRROR ASM-O/S
85071117, MIRROR ASM-O/S
85530936, WEATHERSTRIP AS
85723124, MIRROR ASM-O/S
85758792, MIRROR ASM-O/S
85758800, MIRROR ASM-O/S
86582385, MIRROR ASM-O/S
86582387, MIRROR ASM-O/S
86582389, MIRROR ASM-O/S
86582395, MIRROR ASM-O/S
86582397, MIRROR ASM-O/S
86582403, MIRROR ASM-O/S
86582407, MIRROR ASM-O/S
86582411, MIRROR ASM-O/S
86582415, MIRROR ASM-O/S
86582419, MIRROR ASM-O/S
86589854, MIRROR ASM-O/S
86589909, MIRROR ASM-O/S
86589911, MIRROR ASM-O/S
86590903, MIRROR ASM-O/S
86590919, MIRROR ASM-O/S
86530678, HANDLE ASM-PUBX
85541545, INSULATOR-DA PN
85541546, INSULATOR-DA PN
85621182, INSULATOR-DA PN
84732078, MOLDING AS
85018787, VENT ASM-HOOD
85018788, VENT ASM-HOOD
85018789, VENT ASM-HOOD
85018790, VENT ASM-HOOD
85018791, VENT ASM-HOOD
85018792, VENT ASM-HOOD
85114768, MOLDING AS
84449027, PANEL
84718110, PANEL ASM
84718111, PANEL ASM
84963906, PANEL ASM
84963908, PANEL ASM
85530831, PANEL-I/P LWR C
85530832, PANEL-I/P LWR C
85595126, APPLIQUE-F/FLR
85595127, APPLIQUE-F/FLR
85595128, APPLIQUE-F/FLR
85595134, APPLIQUE-F/FLR
85595135, APPLIQUE-F/FLR
85595136, APPLIQUE-F/FLR
84487175, INSULATOR
84874289, MOLDING AS
84874291, MOLDING AS
84874296, MOLDING AS
84874297, MOLDING AS
84952459, MOLDING AS
86519693, COVER ASM-I/P F
86519694, COVER ASM-I/P F
87829210, COVER-I/P FUSE
84055042, INSULATOR-DA  P
84575596, REINFORCEM
84643958, REINFORCEM
84890607, CABLE ASM
85025190, INSULATOR
85025191, INSULATOR
85776553, WHEEL ASM-STRG
85776554, WHEEL ASM-STRG
85776556, WHEEL ASM-STRG
85776575, WHEEL ASM-STRG
85776576, WHEEL ASM-STRG
85776577, WHEEL ASM-STRG
85776579, WHEEL ASM-STRG
86510181, WHEEL ASM-STRG
86510182, WHEEL ASM-STRG
86535091, WHEEL ASM-STRG
85044248, HEADLAMP ASM-FR
85606132, HEADLAMP ASM-FR
85606134, HEADLAMP ASM-FR
85606136, HEADLAMP ASM-FR
85756446, HEADLAMP ASM-FR
87828572, HEADLAMP ASM-FR
85044249, HEADLAMP ASM-FR
85606133, HEADLAMP ASM-FR
85606135, HEADLAMP ASM-FR
85606137, HEADLAMP ASM-FR
85756447, HEADLAMP ASM-FR
87828573, HEADLAMP ASM-FR
84900504, MOLDING ASM-FRT
85539376, MOLDING ASM-FRT
85718785, MOLDING ASM-RR
84900505, MOLDING ASM-FRT
84900509, MOLDING ASM-RR
85539377, MOLDING ASM-FRT
85539383, MOLDING ASM-FRT
85718784, MOLDING ASM-RR
85083559, HARNESS ASM-BOD
85083561, HARNESS ASM-BOD
85083562, HARNESS ASM-BOD
85083563, HARNESS ASM-BOD
85083564, HARNESS ASM-BOD
85083571, HARNESS ASM-BOD
85083572, HARNESS ASM-BOD
85083578, HARNESS ASM-BOD
85083579, HARNESS ASM-BOD
85083581, HARNESS ASM-BOD
85083582, HARNESS ASM-BOD
85084606, HARNESS ASM-BOD
85084607, HARNESS ASM-BOD
85084613, HARNESS ASM-BOD
85084620, HARNESS ASM-BOD
85084622, HARNESS ASM-BOD
85084623, HARNESS ASM-BOD
85084642, HARNESS ASM-BOD
85084652, HARNESS ASM-BOD
84991494, CONTAINER
85132955, CONTAINER ASM-W
86518445, CONTAINER
86538837, CONTAINER
23407000, TUBE ASM
84567837, INSULATOR
84874304, MOLDING AS
84874311, MOLDING AS
84874312, MOLDING AS
84952461, MOLDING AS
84959742, EXCHANGER
85043872, INSULATOR-F/FDR
85696411, TUBE ASM-A/C EV
15923277, HD ADAPTER
22781435, HD - AAH3
22781437, HD - AAH5
84442979, MAT PKG
84442980, MAT PKG
86814407, CAP PKG
84535853, SHIELD
84652599, BAFFLE ASM
84560570, CAP ASM
84627945, CAP ASM
84894347, CAP ASM
84896111, CAP ASM
85002881, CAP ASM
85075315, CAP ASM-FRT & R
85075318, CAP ASM-FRT & R
85075319, CAP ASM-FRT & R
84640160, MOLDING AS
84640161, MOLDING AS
86515235, PANEL ASM-CTR P
86515236, PANEL ASM-CTR P
86515237, PANEL ASM-CTR P
86527315, PANEL ASM-CTR P
86527316, PANEL ASM-CTR P
84640163, MOLDING AS
84640164, MOLDING AS
84640166, MOLDING AS
84640167, MOLDING AS
86515231, PANEL ASM-CTR P
86515232, PANEL ASM-CTR P
86515233, PANEL ASM-CTR P
86527318, PANEL ASM-CTR P
86527319, PANEL ASM-CTR P
86526011, MOLDING ASM-W/S
86526018, MOLDING ASM-W/S
86526025, MOLDING ASM-W/S
86526028, MOLDING ASM-W/S
86526029, MOLDING ASM-W/S
86526013, MOLDING ASM-W/S
86526027, MOLDING ASM-W/S
84874306, MOLDING AS
86779443, COVER ASM-I/P O
86779444, COVER ASM-I/P O
86779473, COVER-I/P FUSE
